Comum Congregação	01/01/2021	01/01/2022	01/01/2023	01/01/2024	01/01/2025
Água Azul	117	107	124	124	50
Cid. Nova Soberana	303	303	303	303	85
Inocoop I	713	740	740	711	161
Inocoop II	241	241	241	234	97
Jd. Álamo	369	359	354	354	84
Jd. Fátima	224	234	234	234	70
Jd. Fortaleza	292	272	272	277	80
Jd. Fortaleza II	135	137	137	126	30
Jd. Fortaleza III	70	73	73	92	32
Jd. Hanna	0	0	0	89	80
Jd. Jade	0	0	0	62	30
Jd. Lavras	491	517	517	447	100
Jd. Lenize	185	200	200	210	70
Jd. Maria Dirce	153	153	153	142	52
Jd. Munira	284	297	297	320	100
Jd. Novo Portugal	673	617	617	648	166
Jd. Ponte Alta	277	298	298	328	50
Jd. Ponte Alta II	215	215	215	228	65
Jd. Pres. Dutra	389	417	417	343	137
Jd. St. Paula	150	150	130	120	63
Jd. Triunfo	135	135	135	127	49
Jd. Vila Rica	247	247	247	251	69
Jd. Vila Rica II					16
Maria Paula	157	157	182	184	60
Orquidiama	60	60	72	73	40
Pq. Residencial Bambi	241	239	239	216	80
Pq. Santos Dumont	396	396	396	364	70
Pq. São Luiz	0	0	64	64	28
Soberana I	274	278	278	279	70
Soberana II	141	124	124	123	55
Vila Carmela	537	589	589	540	130
Vila Nova Bonsucesso	487	544	544	511	80
Vila São João	0	0	0	51	48
Vila São José	230	245	245	229	105
Vila União	137	127	127	134	54
