Comum Congregação	01/01/2026
Água Azul	45
Cid. Nova Soberana	80
Inocoop I	175
Inocoop II	89
Jd. Álamo	78
Jd. Fátima	65
Jd. Fortaleza	85
Jd. Fortaleza II	35
Jd. Fortaleza III	32
Jd. Hanna	101
Jd. Jade	30
Jd. Lavras	100
Jd. Lenize	55
Jd. Maria Dirce	40
Jd. Munira	80
Jd. Novo Portugal	154
Jd. Ponte Alta	50
Jd. Ponte Alta II	66
Jd. Pres. Dutra	146
Jd. St. Paula	60
Jd. Triunfo	42
Jd. Vila Rica	62
Jd. Vila Rica II	16
Maria Paula	60
Orquidiama	37
Pq. Residencial Bambi	70
Pq. Santos Dumont	80
Pq. São Luiz	27
Soberana I	70
Soberana II	50
Vila Carmela	130
Vila Nova Bonsucesso	75
Vila São João	37
Vila São José	70
Vila União	45
