Comum	01/01/2021	01/01/2022	01/01/2023	01/01/2024	01/01/2025	Tipo
Agua Azul	42	42	40	40	50	Mocidade
Cid. Nova Soberana	107	107	107	107	85	Mocidade
Inocoop I	183	183	186	186	161	Mocidade
Inocoop II	119	119	52	52	97	Mocidade
Jd. Álamo	62	62	60	60	84	Mocidade
Jd. Fátima	55	55	70	70	70	Mocidade
Jd. Fortaleza	87	87	86	86	80	Mocidade
Jd. Fortaleza II	32	32	35	35	30	Mocidade
Jd. Fortaleza III	38	38	33	33	32	Mocidade
Jd. Hanna	0	0	60	60	80	Mocidade
Jd. Jade	0	0	30	30	30	Mocidade
Jd. Lavras	100	100	110	110	100	Mocidade
Jd. Lenize	60	60	60	60	70	Mocidade
Jd. Maria Dirce	38	38	48	48	52	Mocidade
Jd. Munira	100	100	100	100	100	Mocidade
Jd. Novo Portugal	183	183	183	183	166	Mocidade
Jd. Ponte Alta	70	70	70	70	50	Mocidade
Jd. Ponte Alta II	60	60	63	63	65	Mocidade
Jd. Pres. Dutra	90	90	150	150	137	Mocidade
Jd. St. Paula	70	70	60	60	63	Mocidade
Jd. Triunfo	57	57	57	57	49	Mocidade
Jd. Vila Rica	103	103	69	69	69	Mocidade
Jd. Vila Rica II					16	Mocidade
Maria Paula	70	70	60	60	60	Mocidade
Orquidiama	0	0	37	37	40	Mocidade
Pq. Residencial Bambi	75	75	75	75	80	Mocidade
Pq. Santos Dumont	110	110	105	105	70	Mocidade
Pq. São Luiz	0	0	33	33	28	Mocidade
Soberana I	81	81	85	85	70	Mocidade
Soberana II	55	55	55	55	55	Mocidade
Vila Carmela	115	115	120	120	130	Mocidade
Vila Nova Bonsucesso	96	96	95	95	80	Mocidade
Vila São João	40	40	36	36	48	Mocidade
Vila São José	105	105	100	100	105	Mocidade
Vila União	45	45	30	30	54	Mocidade
